DROP TABLE IF EXISTS inventory       CASCADE;
DROP TABLE IF EXISTS service_request CASCADE;
DROP TABLE IF EXISTS delivery        CASCADE;
DROP TABLE IF EXISTS payment         CASCADE;
DROP TABLE IF EXISTS order_item      CASCADE;
DROP TABLE IF EXISTS orders          CASCADE;
DROP TABLE IF EXISTS warehouse       CASCADE;
DROP TABLE IF EXISTS store           CASCADE;
DROP TABLE IF EXISTS location        CASCADE;
DROP TABLE IF EXISTS product         CASCADE;
DROP TABLE IF EXISTS category        CASCADE;
DROP TABLE IF EXISTS customer        CASCADE;

CREATE TABLE Customer (
  CustomerID        INT NOT NULL,
  CustomerName      VARCHAR(50),
  Phone             VARCHAR(20),
  Email             VARCHAR(100),
  Address           VARCHAR(200),
  City              VARCHAR(50),
  RegistrationDate  DATE,
  PRIMARY KEY (CustomerID)
);

CREATE TABLE Category (
  CategoryID        INT NOT NULL,
  ParentCategoryID  INT,
  CategoryName      VARCHAR(50) NOT NULL,
  PRIMARY KEY (CategoryID),
  FOREIGN KEY (ParentCategoryID) REFERENCES Category(CategoryID)
);

CREATE TABLE Product (
  ProductID       INT NOT NULL,
  CategoryID      INT NOT NULL,
  Brand           VARCHAR(50),
  Model           VARCHAR(50),
  Price           DECIMAL(10,2),
  WarrantyPeriod  INT,
  PRIMARY KEY (ProductID),
  FOREIGN KEY (CategoryID) REFERENCES Category(CategoryID)
);

CREATE TABLE Location (
  LocationID  INT NOT NULL,
  Address     VARCHAR(200),
  City        VARCHAR(50),
  Region      VARCHAR(50),
  PRIMARY KEY (LocationID)
);

CREATE TABLE Store (
  StoreID     INT NOT NULL,
  LocationID  INT NOT NULL,
  PRIMARY KEY (StoreID),
  FOREIGN KEY (LocationID) REFERENCES Location(LocationID)
);

CREATE TABLE Warehouse (
  WarehouseID  INT NOT NULL,
  LocationID   INT NOT NULL,
  Capacity     INT,
  PRIMARY KEY (WarehouseID),
  FOREIGN KEY (LocationID) REFERENCES Location(LocationID)
);

CREATE TABLE Orders (
  OrderID      INT NOT NULL,
  CustomerID   INT NOT NULL,
  StoreID      INT NOT NULL,
  OrderDate    DATE,
  Status       VARCHAR(50),
  TotalAmount  DECIMAL(10,2),
  PRIMARY KEY (OrderID),
  FOREIGN KEY (CustomerID) REFERENCES Customer(CustomerID),
  FOREIGN KEY (StoreID) REFERENCES Store(StoreID)
);

CREATE TABLE Order_Item (
  LineNo     INT NOT NULL,
  OrderID    INT NOT NULL,
  ProductID  INT NOT NULL,
  Quantity   INT,
  UnitPrice  DECIMAL(10,2),
  PRIMARY KEY (LineNo, OrderID),
  FOREIGN KEY (OrderID) REFERENCES Orders(OrderID)
    ON DELETE CASCADE,
  FOREIGN KEY (ProductID) REFERENCES Product(ProductID)
);

CREATE TABLE Payment (
  PaymentID      INT NOT NULL,
  OrderID        INT NOT NULL,
  PaymentDate    DATE,
  Amount         DECIMAL(10,2),
  PaymentMethod  VARCHAR(20),
  PRIMARY KEY (PaymentID),
  FOREIGN KEY (OrderID) REFERENCES Orders(OrderID)
    ON DELETE CASCADE
);

CREATE TABLE Delivery (
  DeliveryID       INT NOT NULL,
  OrderID          INT NOT NULL,
  DeliveryDate     DATE,
  ShippingCompany  VARCHAR(50),
  TrackingNumber   VARCHAR(50),
  Status           VARCHAR(20),
  PRIMARY KEY (DeliveryID),
  FOREIGN KEY (OrderID) REFERENCES Orders(OrderID)
    ON DELETE CASCADE,
  UNIQUE (OrderID)
);

CREATE TABLE Service_Request (
  ServiceID          INT NOT NULL,
  CustomerID         INT NOT NULL,
  ProductID          INT NOT NULL,
  RequestDate        DATE,
  IssueDescription   VARCHAR(250),
  Status             VARCHAR(20),
  PRIMARY KEY (ServiceID),
  FOREIGN KEY (CustomerID) REFERENCES Customer(CustomerID),
  FOREIGN KEY (ProductID) REFERENCES Product(ProductID)
);

CREATE TABLE Inventory (
  ProductID   INT NOT NULL,
  LocationID  INT NOT NULL,
  Quantity    INT,
  PRIMARY KEY (ProductID, LocationID),
  FOREIGN KEY (ProductID) REFERENCES Product(ProductID),
  FOREIGN KEY (LocationID) REFERENCES Location(LocationID)
);

INSERT INTO Customer (CustomerID, CustomerName, Phone, Email, Address, City, RegistrationDate) VALUES
  (1, 'Ahmet Yılmaz', '+90 531 101 1121', 'ahmet.yilmaz@example.com', 'Ataturk Avenue No: 11, Apt 2', 'İstanbul', '2024-01-17'),
  (2, 'Ayşe Kaya', '+90 532 102 1222', 'ayse.kaya@example.com', 'Ataturk Avenue No: 12, Apt 3', 'Bursa', '2024-01-24'),
  (3, 'Mehmet Demir', '+90 533 103 1323', 'mehmet.demir@example.com', 'Ataturk Avenue No: 13, Apt 4', 'Kocaeli', '2024-01-31'),
  (4, 'Elif Şahin', '+90 534 104 1424', 'elif.sahin@example.com', 'Ataturk Avenue No: 14, Apt 5', 'Edirne', '2024-02-07'),
  (5, 'Mustafa Çelik', '+90 535 105 1525', 'mustafa.celik@example.com', 'Ataturk Avenue No: 15, Apt 6', 'Tekirdağ', '2024-02-14'),
  (6, 'Zeynep Aydın', '+90 536 106 1626', 'zeynep.aydin@example.com', 'Ataturk Avenue No: 16, Apt 7', 'İzmir', '2024-02-21'),
  (7, 'Ali Yıldız', '+90 537 107 1727', 'ali.yildiz@example.com', 'Ataturk Avenue No: 17, Apt 8', 'Manisa', '2024-02-28'),
  (8, 'Fatma Koç', '+90 538 108 1828', 'fatma.koc@example.com', 'Ataturk Avenue No: 18, Apt 9', 'Aydın', '2024-03-06'),
  (9, 'Murat Arslan', '+90 539 109 1929', 'murat.arslan@example.com', 'Ataturk Avenue No: 19, Apt 10', 'Denizli', '2024-03-13'),
  (10, 'Emine Öztürk', '+90 530 110 2030', 'emine.ozturk@example.com', 'Ataturk Avenue No: 20, Apt 11', 'Muğla', '2024-03-20'),
  (11, 'Canan Polat', '+90 531 111 2131', 'canan.polat@example.com', 'Ataturk Avenue No: 21, Apt 12', 'Antalya', '2024-03-27'),
  (12, 'Hakan Kılıç', '+90 532 112 2232', 'hakan.kilic@example.com', 'Ataturk Avenue No: 22, Apt 1', 'Adana', '2024-04-03'),
  (13, 'Seda Güneş', '+90 533 113 2333', 'seda.gunes@example.com', 'Ataturk Avenue No: 23, Apt 2', 'Mersin', '2024-04-10'),
  (14, 'Burak Aksoy', '+90 534 114 2434', 'burak.aksoy@example.com', 'Ataturk Avenue No: 24, Apt 3', 'Hatay', '2024-04-17'),
  (15, 'Derya Karaca', '+90 535 115 2535', 'derya.karaca@example.com', 'Ataturk Avenue No: 25, Apt 4', 'Isparta', '2024-04-24'),
  (16, 'Serkan Doğan', '+90 536 116 2636', 'serkan.dogan@example.com', 'Ataturk Avenue No: 26, Apt 5', 'Ankara', '2024-05-01'),
  (17, 'Merve Yalçın', '+90 537 117 2737', 'merve.yalcin@example.com', 'Ataturk Avenue No: 27, Apt 6', 'Konya', '2024-05-08'),
  (18, 'Onur Eren', '+90 538 118 2838', 'onur.eren@example.com', 'Ataturk Avenue No: 28, Apt 7', 'Kayseri', '2024-05-15'),
  (19, 'İrem Tunç', '+90 539 119 2939', 'irem.tunc@example.com', 'Ataturk Avenue No: 29, Apt 8', 'Eskişehir', '2024-05-22'),
  (20, 'Oğuzhan Yıldırım', '+90 530 120 3040', 'oguzhan.yildirim@example.com', 'Ataturk Avenue No: 30, Apt 9', 'Nevşehir', '2024-05-29'),
  (21, 'Kübra Sönmez', '+90 531 121 3141', 'kubra.sonmez@example.com', 'Ataturk Avenue No: 31, Apt 10', 'Samsun', '2024-06-05'),
  (22, 'Cemre Balcı', '+90 532 122 3242', 'cemre.balci@example.com', 'Ataturk Avenue No: 32, Apt 11', 'Trabzon', '2024-06-12'),
  (23, 'Tolga Keskin', '+90 533 123 3343', 'tolga.keskin@example.com', 'Ataturk Avenue No: 33, Apt 12', 'Ordu', '2024-06-19'),
  (24, 'Büşra Kaplan', '+90 534 124 3444', 'busra.kaplan@example.com', 'Ataturk Avenue No: 34, Apt 1', 'Rize', '2024-06-26'),
  (25, 'Sinan Uslu', '+90 535 125 3545', 'sinan.uslu@example.com', 'Ataturk Avenue No: 35, Apt 2', 'Zonguldak', '2024-07-03'),
  (26, 'Nazlı Erdem', '+90 536 126 3646', 'nazli.erdem@example.com', 'Ataturk Avenue No: 36, Apt 3', 'Erzurum', '2024-07-10'),
  (27, 'Gökhan Yurt', '+90 537 127 3747', 'gokhan.yurt@example.com', 'Ataturk Avenue No: 37, Apt 4', 'Van', '2024-07-17'),
  (28, 'Melis Toprak', '+90 538 128 3848', 'melis.toprak@example.com', 'Ataturk Avenue No: 38, Apt 5', 'Malatya', '2024-07-24'),
  (29, 'Volkan Özdemir', '+90 539 129 3949', 'volkan.ozdemir@example.com', 'Ataturk Avenue No: 39, Apt 6', 'Gaziantep', '2024-07-31'),
  (30, 'Sibel Korkmaz', '+90 530 130 4050', 'sibel.korkmaz@example.com', 'Ataturk Avenue No: 40, Apt 7', 'Şanlıurfa', '2024-08-07');

INSERT INTO Category (CategoryID, ParentCategoryID, CategoryName) VALUES
  (1, NULL, 'Major Appliances'),
  (2, NULL, 'Kitchen Appliances'),
  (3, NULL, 'Laundry Appliances'),
  (4, NULL, 'Climate Control'),
  (5, NULL, 'Entertainment'),
  (6, NULL, 'Small Appliances'),
  (7, 1, 'Refrigerators'),
  (8, 2, 'Dishwashers'),
  (9, 2, 'Ovens'),
  (10, 2, 'Microwaves'),
  (11, 3, 'Washing Machines'),
  (12, 3, 'Dryers'),
  (13, 6, 'Vacuum Cleaners'),
  (14, 4, 'Air Conditioners'),
  (15, 4, 'Heaters'),
  (16, 5, 'Televisions'),
  (17, 5, 'Sound Systems'),
  (18, 6, 'Coffee Machines'),
  (19, 6, 'Blenders'),
  (20, 6, 'Irons'),
  (21, 6, 'Smart Watches'),
  (22, 6, 'Smartphones'),
  (23, 6, 'Laptops'),
  (24, 4, 'Air Purifiers'),
  (25, 1, 'Freezers'),
  (26, 2, 'Cooktops'),
  (27, 1, 'Water Dispensers'),
  (28, 6, 'Hair Dryers'),
  (29, 6, 'Electric Kettles'),
  (30, 6, 'Toasters');

INSERT INTO Product (ProductID, CategoryID, Brand, Model, Price, WarrantyPeriod) VALUES
  (1, 7, 'Beko', 'FrostFree X500', 39999.90, 36),
  (2, 11, 'Arcelik', 'AquaWash 9kg', 27999.99, 36),
  (3, 8, 'Bosch', 'SilentClean 60', 15999.50, 24),
  (4, 14, 'Vestel', 'CoolPro 18000BTU', 21999.95, 24),
  (5, 16, 'Samsung', 'QLED Vision 55', 32999.99, 24),
  (6, 13, 'Philips', 'PowerVac 3000', 9999.49, 24),
  (7, 9, 'Siemens', 'BakeMaster 700', 18499.90, 24),
  (8, 10, 'LG', 'QuickWave 25L', 14499.99, 24),
  (9, 18, 'Delonghi', 'Barista Plus', 7499.95, 24),
  (10, 19, 'Tefal', 'BlendForce Max', 6499.90, 24),
  (11, 23, 'Lenovo', 'ThinkPad E14', 29999.99, 24),
  (12, 22, 'Apple', 'iPhone 14', 41999.99, 12),
  (13, 21, 'Huawei', 'FitWatch S2', 8999.50, 12),
  (14, 24, 'Xiaomi', 'PureAir 4', 11499.95, 24),
  (15, 20, 'Braun', 'SteamIron Pro', 4999.99, 24),
  (16, 15, 'Rowenta', 'EcoHeater 2000', 6999.90, 24),
  (17, 17, 'JBL', 'CinemaSound 5.1', 5499.95, 24),
  (18, 12, 'Beko', 'DryPlus 8kg', 10499.99, 24),
  (19, 25, 'Arcelik', 'DeepFreeze 300', 18499.50, 24),
  (20, 26, 'Bosch', 'GasCook 4', 12999.95, 24),
  (21, 27, 'Samsung', 'AquaDispense', 12499.90, 24),
  (22, 28, 'Philips', 'HairDry 2200', 1999.99, 24),
  (23, 29, 'Tefal', 'KettleSafe 1.7L', 1899.90, 24),
  (24, 30, 'Arcelik', 'ToastPro XL', 2499.95, 24),
  (25, 7, 'LG', 'InstaFresh 450', 26999.99, 36),
  (26, 11, 'Samsung', 'EcoWash 10kg', 31499.90, 36),
  (27, 8, 'Vestel', 'CleanPro 12', 17499.95, 24),
  (28, 14, 'Beko', 'CoolSmart 12000BTU', 19999.99, 24),
  (29, 16, 'Philips', 'Ambilight 50', 18999.50, 24),
  (30, 13, 'Dyson', 'V11 Absolute', 12499.95, 24);

INSERT INTO Location (LocationID, Address, City, Region) VALUES
  (34, 'Main Street No: 34, Downtown', 'İstanbul', 'Marmara Region'),
  (16, 'Main Street No: 16, Downtown', 'Bursa', 'Marmara Region'),
  (41, 'Main Street No: 41, Downtown', 'Kocaeli', 'Marmara Region'),
  (22, 'Main Street No: 22, Downtown', 'Edirne', 'Marmara Region'),
  (59, 'Main Street No: 59, Downtown', 'Tekirdağ', 'Marmara Region'),
  (35, 'Main Street No: 35, Downtown', 'İzmir', 'Aegean Region'),
  (45, 'Main Street No: 45, Downtown', 'Manisa', 'Aegean Region'),
  (9, 'Main Street No: 9, Downtown', 'Aydın', 'Aegean Region'),
  (20, 'Main Street No: 20, Downtown', 'Denizli', 'Aegean Region'),
  (48, 'Main Street No: 48, Downtown', 'Muğla', 'Aegean Region'),
  (7, 'Main Street No: 7, Downtown', 'Antalya', 'Mediterranean Region'),
  (1, 'Main Street No: 1, Downtown', 'Adana', 'Mediterranean Region'),
  (33, 'Main Street No: 33, Downtown', 'Mersin', 'Mediterranean Region'),
  (31, 'Main Street No: 31, Downtown', 'Hatay', 'Mediterranean Region'),
  (32, 'Main Street No: 32, Downtown', 'Isparta', 'Mediterranean Region'),
  (6, 'Main Street No: 6, Downtown', 'Ankara', 'Central Anatolia Region'),
  (42, 'Main Street No: 42, Downtown', 'Konya', 'Central Anatolia Region'),
  (38, 'Main Street No: 38, Downtown', 'Kayseri', 'Central Anatolia Region'),
  (26, 'Main Street No: 26, Downtown', 'Eskişehir', 'Central Anatolia Region'),
  (50, 'Main Street No: 50, Downtown', 'Nevşehir', 'Central Anatolia Region'),
  (55, 'Main Street No: 55, Downtown', 'Samsun', 'Black Sea Region'),
  (61, 'Main Street No: 61, Downtown', 'Trabzon', 'Black Sea Region'),
  (52, 'Main Street No: 52, Downtown', 'Ordu', 'Black Sea Region'),
  (53, 'Main Street No: 53, Downtown', 'Rize', 'Black Sea Region'),
  (67, 'Main Street No: 67, Downtown', 'Zonguldak', 'Black Sea Region'),
  (25, 'Main Street No: 25, Downtown', 'Erzurum', 'Eastern Anatolia Region'),
  (65, 'Main Street No: 65, Downtown', 'Van', 'Eastern Anatolia Region'),
  (44, 'Main Street No: 44, Downtown', 'Malatya', 'Eastern Anatolia Region'),
  (27, 'Main Street No: 27, Downtown', 'Gaziantep', 'Southeastern Anatolia Region'),
  (63, 'Main Street No: 63, Downtown', 'Şanlıurfa', 'Southeastern Anatolia Region');

INSERT INTO Store (StoreID, LocationID) VALUES
  (1, 34),
  (2, 16),
  (3, 41),
  (4, 22),
  (5, 59),
  (6, 35),
  (7, 45),
  (8, 9),
  (9, 20),
  (10, 48),
  (11, 7),
  (12, 1),
  (13, 33),
  (14, 31),
  (15, 32),
  (16, 6),
  (17, 42),
  (18, 38),
  (19, 26),
  (20, 50),
  (21, 55),
  (22, 61),
  (23, 52),
  (24, 53),
  (25, 67),
  (26, 25),
  (27, 65),
  (28, 44),
  (29, 27),
  (30, 63);

INSERT INTO Warehouse (WarehouseID, LocationID, Capacity) VALUES
  (1, 22, 5250),
  (2, 45, 5500),
  (3, 48, 5750),
  (4, 1, 6000),
  (5, 32, 6250),
  (6, 38, 6500),
  (7, 50, 6750),
  (8, 61, 7000),
  (9, 53, 7250),
  (10, 25, 7500),
  (11, 44, 7750),
  (12, 63, 8000),
  (13, 16, 8250),
  (14, 35, 8500),
  (15, 20, 8750),
  (16, 7, 9000),
  (17, 33, 9250),
  (18, 6, 9500),
  (19, 26, 9750),
  (20, 55, 10000),
  (21, 52, 10250),
  (22, 67, 10500),
  (23, 65, 10750),
  (24, 27, 11000),
  (25, 34, 11250),
  (26, 41, 11500),
  (27, 59, 11750),
  (28, 9, 12000),
  (29, 31, 12250),
  (30, 42, 12500);

INSERT INTO Orders (OrderID, CustomerID, StoreID, OrderDate, Status, TotalAmount) VALUES
  (1, 1, 1, '2025-01-06', 'Processing', 39999.90),
  (2, 2, 2, '2025-01-07', 'Shipped', 55999.98),
  (3, 3, 3, '2025-01-08', 'Delivered', 15999.50),
  (4, 4, 4, '2025-01-09', 'Cancelled', 65999.85),
  (5, 5, 5, '2025-01-10', 'Returned', 65999.98),
  (6, 6, 6, '2025-01-11', 'Paid', 9999.49),
  (7, 7, 7, '2025-01-12', 'Processing', 36999.80),
  (8, 8, 8, '2025-01-13', 'Shipped', 14499.99),
  (9, 9, 9, '2025-01-14', 'Delivered', 22499.85),
  (10, 10, 10, '2025-01-15', 'Cancelled', 12999.80),
  (11, 11, 11, '2025-01-16', 'Returned', 29999.99),
  (12, 12, 12, '2025-01-17', 'Paid', 83999.98),
  (13, 13, 13, '2025-01-18', 'Processing', 8999.50),
  (14, 14, 14, '2025-01-19', 'Shipped', 34499.85),
  (15, 15, 15, '2025-01-20', 'Delivered', 9999.98),
  (16, 16, 16, '2025-01-21', 'Cancelled', 6999.90),
  (17, 17, 17, '2025-01-22', 'Returned', 10999.90),
  (18, 18, 18, '2025-01-23', 'Paid', 10499.99),
  (19, 19, 19, '2025-01-24', 'Processing', 55498.50),
  (20, 20, 20, '2025-01-25', 'Shipped', 25999.90),
  (21, 21, 21, '2025-01-26', 'Delivered', 12499.90),
  (22, 22, 22, '2025-01-27', 'Cancelled', 3999.98),
  (23, 23, 23, '2025-01-28', 'Returned', 1899.90),
  (24, 24, 24, '2025-01-29', 'Paid', 7499.85),
  (25, 25, 25, '2025-01-30', 'Processing', 53999.98),
  (26, 26, 26, '2025-01-31', 'Shipped', 31499.90),
  (27, 27, 27, '2025-02-01', 'Delivered', 34999.90),
  (28, 28, 28, '2025-02-02', 'Cancelled', 19999.99),
  (29, 29, 29, '2025-02-03', 'Returned', 56998.50),
  (30, 30, 30, '2025-02-04', 'Paid', 24999.90);

INSERT INTO Order_Item (LineNo, OrderID, ProductID, Quantity, UnitPrice) VALUES
  (1, 1, 1, 1, 39999.90),
  (1, 2, 2, 2, 27999.99),
  (1, 3, 3, 1, 15999.50),
  (1, 4, 4, 3, 21999.95),
  (1, 5, 5, 2, 32999.99),
  (1, 6, 6, 1, 9999.49),
  (1, 7, 7, 2, 18499.90),
  (1, 8, 8, 1, 14499.99),
  (1, 9, 9, 3, 7499.95),
  (1, 10, 10, 2, 6499.90),
  (1, 11, 11, 1, 29999.99),
  (1, 12, 12, 2, 41999.99),
  (1, 13, 13, 1, 8999.50),
  (1, 14, 14, 3, 11499.95),
  (1, 15, 15, 2, 4999.99),
  (1, 16, 16, 1, 6999.90),
  (1, 17, 17, 2, 5499.95),
  (1, 18, 18, 1, 10499.99),
  (1, 19, 19, 3, 18499.50),
  (1, 20, 20, 2, 12999.95),
  (1, 21, 21, 1, 12499.90),
  (1, 22, 22, 2, 1999.99),
  (1, 23, 23, 1, 1899.90),
  (1, 24, 24, 3, 2499.95),
  (1, 25, 25, 2, 26999.99),
  (1, 26, 26, 1, 31499.90),
  (1, 27, 27, 2, 17499.95),
  (1, 28, 28, 1, 19999.99),
  (1, 29, 29, 3, 18999.50),
  (1, 30, 30, 2, 12499.95);

INSERT INTO Payment (PaymentID, OrderID, PaymentDate, Amount, PaymentMethod) VALUES
  (1, 1, '2025-01-07', 39999.90, 'Credit Card'),
  (2, 2, '2025-01-08', 55999.98, 'Debit Card'),
  (3, 3, '2025-01-09', 15999.50, 'Bank Transfer'),
  (4, 4, '2025-01-10', 65999.85, 'Cash'),
  (5, 5, '2025-01-11', 65999.98, 'Installment'),
  (6, 6, '2025-01-12', 9999.49, 'Credit Card'),
  (7, 7, '2025-01-13', 36999.80, 'Debit Card'),
  (8, 8, '2025-01-14', 14499.99, 'Bank Transfer'),
  (9, 9, '2025-01-15', 22499.85, 'Cash'),
  (10, 10, '2025-01-16', 12999.80, 'Installment'),
  (11, 11, '2025-01-17', 29999.99, 'Credit Card'),
  (12, 12, '2025-01-18', 83999.98, 'Debit Card'),
  (13, 13, '2025-01-19', 8999.50, 'Bank Transfer'),
  (14, 14, '2025-01-20', 34499.85, 'Cash'),
  (15, 15, '2025-01-21', 9999.98, 'Installment'),
  (16, 16, '2025-01-22', 6999.90, 'Credit Card'),
  (17, 17, '2025-01-23', 10999.90, 'Debit Card'),
  (18, 18, '2025-01-24', 10499.99, 'Bank Transfer'),
  (19, 19, '2025-01-25', 55498.50, 'Cash'),
  (20, 20, '2025-01-26', 25999.90, 'Installment'),
  (21, 21, '2025-01-27', 12499.90, 'Credit Card'),
  (22, 22, '2025-01-28', 3999.98, 'Debit Card'),
  (23, 23, '2025-01-29', 1899.90, 'Bank Transfer'),
  (24, 24, '2025-01-30', 7499.85, 'Cash'),
  (25, 25, '2025-01-31', 53999.98, 'Installment'),
  (26, 26, '2025-02-01', 31499.90, 'Credit Card'),
  (27, 27, '2025-02-02', 34999.90, 'Debit Card'),
  (28, 28, '2025-02-03', 19999.99, 'Bank Transfer'),
  (29, 29, '2025-02-04', 56998.50, 'Cash'),
  (30, 30, '2025-02-05', 24999.90, 'Installment');

INSERT INTO Delivery (DeliveryID, OrderID, DeliveryDate, ShippingCompany, TrackingNumber, Status) VALUES
  (1, 1, '2025-01-09', 'Aras Cargo', 'TRK2025000107', 'In Transit'),
  (2, 2, '2025-01-10', 'Yurtici Cargo', 'TRK2025000214', 'In Transit'),
  (3, 3, '2025-01-11', 'MNG Cargo', 'TRK2025000321', 'Delivered'),
  (4, 4, '2025-01-12', 'PTT Cargo', 'TRK2025000428', 'Cancelled'),
  (5, 5, '2025-01-13', 'Surat Cargo', 'TRK2025000535', 'In Transit'),
  (6, 6, '2025-01-14', 'Aras Cargo', 'TRK2025000642', 'In Transit'),
  (7, 7, '2025-01-15', 'Yurtici Cargo', 'TRK2025000749', 'In Transit'),
  (8, 8, '2025-01-16', 'MNG Cargo', 'TRK2025000856', 'In Transit'),
  (9, 9, '2025-01-17', 'PTT Cargo', 'TRK2025000963', 'Delivered'),
  (10, 10, '2025-01-18', 'Surat Cargo', 'TRK2025001070', 'Cancelled'),
  (11, 11, '2025-01-19', 'Aras Cargo', 'TRK2025001177', 'In Transit'),
  (12, 12, '2025-01-20', 'Yurtici Cargo', 'TRK2025001284', 'In Transit'),
  (13, 13, '2025-01-21', 'MNG Cargo', 'TRK2025001391', 'In Transit'),
  (14, 14, '2025-01-22', 'PTT Cargo', 'TRK2025001498', 'In Transit'),
  (15, 15, '2025-01-23', 'Surat Cargo', 'TRK2025001505', 'Delivered'),
  (16, 16, '2025-01-24', 'Aras Cargo', 'TRK2025001612', 'Cancelled'),
  (17, 17, '2025-01-25', 'Yurtici Cargo', 'TRK2025001719', 'In Transit'),
  (18, 18, '2025-01-26', 'MNG Cargo', 'TRK2025001826', 'In Transit'),
  (19, 19, '2025-01-27', 'PTT Cargo', 'TRK2025001933', 'In Transit'),
  (20, 20, '2025-01-28', 'Surat Cargo', 'TRK2025002040', 'In Transit'),
  (21, 21, '2025-01-29', 'Aras Cargo', 'TRK2025002147', 'Delivered'),
  (22, 22, '2025-01-30', 'Yurtici Cargo', 'TRK2025002254', 'Cancelled'),
  (23, 23, '2025-01-31', 'MNG Cargo', 'TRK2025002361', 'In Transit'),
  (24, 24, '2025-02-01', 'PTT Cargo', 'TRK2025002468', 'In Transit'),
  (25, 25, '2025-02-02', 'Surat Cargo', 'TRK2025002575', 'In Transit'),
  (26, 26, '2025-02-03', 'Aras Cargo', 'TRK2025002682', 'In Transit'),
  (27, 27, '2025-02-04', 'Yurtici Cargo', 'TRK2025002789', 'Delivered'),
  (28, 28, '2025-02-05', 'MNG Cargo', 'TRK2025002896', 'Cancelled'),
  (29, 29, '2025-02-06', 'PTT Cargo', 'TRK2025002903', 'In Transit'),
  (30, 30, '2025-02-07', 'Surat Cargo', 'TRK2025003010', 'In Transit');

INSERT INTO Service_Request (ServiceID, CustomerID, ProductID, RequestDate, IssueDescription, Status) VALUES
  (1, 1, 2, '2025-03-03', 'Washing machine makes loud noise during spin cycle; possible imbalance.', 'Open'),
  (2, 2, 4, '2025-03-05', 'Air conditioner does not cool properly; airflow is weak even at maximum fan.', 'In Progress'),
  (3, 3, 6, '2025-03-07', 'Vacuum cleaner loses suction after a few minutes; filter indicator stays on.', 'Closed'),
  (4, 4, 8, '2025-03-09', 'Microwave heats unevenly; plate stays cold while edges are hot.', 'Open'),
  (5, 5, 10, '2025-03-11', 'Blender stops intermittently under load; burning smell noticed.', 'In Progress'),
  (6, 6, 12, '2025-03-13', 'Phone battery drains quickly; device gets warm during normal use.', 'Closed'),
  (7, 7, 14, '2025-03-15', 'Air purifier shows error code E3; unit shuts off after 10 minutes.', 'Open'),
  (8, 8, 16, '2025-03-17', 'Heater turns off randomly; thermostat does not keep temperature stable.', 'In Progress'),
  (9, 9, 18, '2025-03-19', 'Dryer does not dry fully; clothes come out damp after full cycle.', 'Closed'),
  (10, 10, 20, '2025-03-21', 'Cooktop ignition clicks continuously; one burner does not ignite.', 'Open'),
  (11, 11, 22, '2025-03-23', 'Hair dryer overheats and shuts down; power button feels loose.', 'In Progress'),
  (12, 12, 24, '2025-03-25', 'Toaster heats only one side; bread burns on the left slot.', 'Closed'),
  (13, 13, 26, '2025-03-27', 'Washing machine displays error code; water not draining after rinse.', 'Open'),
  (14, 14, 28, '2025-03-29', 'Air conditioner makes rattling sound; outdoor unit vibration is high.', 'In Progress'),
  (15, 15, 30, '2025-03-31', 'Vacuum cleaner battery does not charge to 100%; stops at around 60%.', 'Closed'),
  (16, 16, 2, '2025-04-02', 'Washing machine door does not lock; cycle cannot start.', 'Open'),
  (17, 17, 4, '2025-04-04', 'Air conditioner remote not responding; unit only works with manual button.', 'In Progress'),
  (18, 18, 6, '2025-04-06', 'Vacuum cleaner brush head not spinning; debris remains on carpet.', 'Closed'),
  (19, 19, 8, '2025-04-08', 'Microwave keypad is unresponsive; some buttons do not register.', 'Open'),
  (20, 20, 10, '2025-04-10', 'Blender jar leaks from the bottom seal; liquid spills during use.', 'In Progress'),
  (21, 21, 12, '2025-04-12', 'Phone screen shows flickering at low brightness; occasional ghost touches.', 'Closed'),
  (22, 22, 14, '2025-04-14', 'Air purifier produces unusual noise; fan seems unbalanced.', 'Open'),
  (23, 23, 16, '2025-04-16', 'Heater fan runs but no warm air; heating element may be faulty.', 'In Progress'),
  (24, 24, 18, '2025-04-18', 'Dryer drum does not rotate; motor hums but drum stays still.', 'Closed'),
  (25, 25, 20, '2025-04-20', 'Cooktop glass has cracked near the corner; request safety inspection.', 'Open'),
  (26, 26, 22, '2025-04-22', 'Hair dryer makes sparks at plug; request cable replacement.', 'In Progress'),
  (27, 27, 24, '2025-04-24', 'Toaster lever does not stay down; toast pops up immediately.', 'Closed'),
  (28, 28, 26, '2025-04-26', 'Washing machine has water leakage from under the unit after wash cycle.', 'Open'),
  (29, 29, 28, '2025-04-28', 'Air conditioner smells musty when starting; possible mold in filters.', 'In Progress'),
  (30, 30, 30, '2025-04-30', 'Vacuum cleaner makes high-pitched noise; suspected air path blockage.', 'Closed');

INSERT INTO Inventory (ProductID, LocationID, Quantity) VALUES
  (1, 34, 57),
  (2, 16, 64),
  (3, 41, 71),
  (4, 22, 78),
  (5, 59, 85),
  (6, 35, 92),
  (7, 45, 99),
  (8, 9, 106),
  (9, 20, 113),
  (10, 48, 120),
  (11, 7, 127),
  (12, 1, 134),
  (13, 33, 141),
  (14, 31, 148),
  (15, 32, 55),
  (16, 6, 62),
  (17, 42, 69),
  (18, 38, 76),
  (19, 26, 83),
  (20, 50, 90),
  (21, 55, 97),
  (22, 61, 104),
  (23, 52, 111),
  (24, 53, 118),
  (25, 67, 125),
  (26, 25, 132),
  (27, 65, 139),
  (28, 44, 146),
  (29, 27, 53),
  (30, 63, 140);
